ID,Compañía,ID_de_envío,ORDER_TYPE,Tipo_de_envío,Fecha_de_creacion_del_pedido,Fecha_de_creación_de_ola,Número_de_ola,Fecha_de_inicio_de_ola,Fecha_de_término_de_ola,Líneas,Piezas,Cajas,Volumen,Peso,Ambiente,Refrigeracion,Congelacion,UltraCongelacion,Cliente,Nombre_del_cliente,Destino,Nombre_del_destino,SHIP_TO_STATE,SHIP_TO_CITY,Tipo_de_servicio,Descripción_TDS,Ruta,Estado_de_menor_progreso,Fecha_de_estado_de_menor_progreso,Estado_de_mayor_progreso,Fecha_de_estado_de_mayor_progreso,Fecha_planificada_de_envío,Fecha_entrega_embarques,Número_de_carga
1,MundiPharma,DESTRUMPNOV,Destruccion,ESTANDAR,06/12/2022,10/02/2023,1860602,10/02/2023 02:47 PM,10/02/2023 02:48 PM,111,"40,292",7,96.768,2844.995,7,0,0,0,MDTKCOE,MEDISTIK COECILLO,MDTKCOE,MEDISTIK COECILLO,EM,TOLUCA,N,Cliente Recoge,Ruta Local,Cerrado,23/02/2023 04:01 PM,Cerrado,23/02/2023 04:01 PM,06/12/2022,07/12/2022 05:00 PM,124361
2,MundiPharma,16004343,,ESTANDAR,11/01/2023,11/01/2023,1816921,11/01/2023 12:45 PM,11/01/2023 12:48 PM,1,310,2,0.05523,11.328,2,0,0,0,EDM0601,NADRO CEDIS,EDM0601,NADRO CEDIS,EM,Cuautitlan Izcalli,F,Personalizado Seco,Ruta Local,Cerrado,14/01/2023 03:36 AM,Cerrado,14/01/2023 03:36 AM,14/01/2023,14/01/2023 11:00 PM,121793
3,MundiPharma,16004344,,ESTANDAR,11/01/2023,11/01/2023,1816921,11/01/2023 12:45 PM,11/01/2023 12:48 PM,1,120,1,0.027,5.4,1,0,0,0,EDM0601,NADRO CEDIS,EDM0601,NADRO CEDIS,EM,Cuautitlan Izcalli,F,Personalizado Seco,Ruta Local,Cerrado,17/01/2023 03:40 AM,Cerrado,17/01/2023 03:40 AM,17/01/2023,17/01/2023 12:00 AM,121900
4,MundiPharma,DE-23-001,Nota Sin Descargo,Recoleccion,12/01/2023,12/01/2023,1818449,12/01/2023 05:11 PM,12/01/2023 05:12 PM,1,1,1,0.1,0.1,1,0,0,0,MEX00901,RAMA FARMACEUTICA S.A. DE C.V.,MEX00901,RAMA FARMACEUTICA S.A. DE C.V.,EM,Cuautitlan Izcalli,F,Personalizado Seco,Ruta Local,Cerrado,13/01/2023 06:48 AM,Cerrado,13/01/2023 06:48 AM,13/01/2023,13/01/2023 05:30 AM,121698
5,MundiPharma,REEN-16004344,Nota Sin Descargo,Reenvio,17/01/2023,17/01/2023,1822374,17/01/2023 03:15 PM,17/01/2023 03:15 PM,1,1,1,0.1,0.1,1,0,0,0,EDM0601,NADRO CEDIS,EDM0601,NADRO CEDIS,EM,Cuautitlan Izcalli,F,Personalizado Seco,Ruta Local,Cerrado,18/01/2023 04:26 AM,Cerrado,18/01/2023 04:26 AM,18/01/2023,18/01/2023 02:30 AM,121996
6,MundiPharma,16004349,,ESTANDAR,19/01/2023,19/01/2023,1825747,19/01/2023 09:20 PM,19/01/2023 09:21 PM,1,110,1,0.027,5.4,1,0,0,0,EDM0601,NADRO CEDIS,EDM0601,NADRO CEDIS,EM,Cuautitlan Izcalli,F,Personalizado Seco,Ruta Local,Cerrado,24/01/2023 03:43 AM,Cerrado,24/01/2023 03:43 AM,24/01/2023,21/01/2023 12:00 AM,122249
7,MundiPharma,REC-DE23002,Nota Sin Descargo,Recoleccion,23/01/2023,23/01/2023,1828674,23/01/2023 03:47 PM,23/01/2023 03:48 PM,1,1,1,0.1,0.1,1,0,0,0,EDM0601,NADRO CEDIS,EDM0601,NADRO CEDIS,EM,Cuautitlan Izcalli,U,Dedicado Refrigerado,Ruta Local,Cerrado,25/01/2023 05:24 AM,Cerrado,25/01/2023 05:24 AM,25/01/2023,25/01/2023 05:30 AM,122456
8,MundiPharma,REC-TRAMUN250123,Nota Sin Descargo,Recoleccion,23/01/2023,23/01/2023,1828691,23/01/2023 03:52 PM,23/01/2023 03:53 PM,1,1,1,0.1,0.1,1,0,0,0,CNP048LERM,Almacen de RALCA SA DE CV,CNP048LERM,Almacen de RALCA SA DE CV,EM,Lerma,F,Personalizado Seco,Ruta Local,Cerrado,25/01/2023 05:55 AM,Cerrado,25/01/2023 05:55 AM,25/01/2023,25/01/2023 05:30 AM,122458
9,MundiPharma,16004357,,ESTANDAR,26/01/2023,26/01/2023,1833248,26/01/2023 08:14 PM,26/01/2023 08:16 PM,4,173,1,0.032,9.89,1,0,0,0,CNP026,SERVICIOS FARMACEUTICOS ESPECIALIZADOS SA DE CV,CNP026,SERVICIOS FARMACEUTICOS ESPECIALIZADOS SA DE CV,CD,IZTAPALAPA,J,Ruta Local Seca antes de 13:00,Ruta Local,Cerrado,27/01/2023 04:34 AM,Cerrado,27/01/2023 04:34 AM,27/01/2023,28/01/2023 05:00 AM,122635
10,MundiPharma,16004358,,ESTANDAR,26/01/2023,26/01/2023,1833248,26/01/2023 08:14 PM,26/01/2023 08:16 PM,3,320,4,0.21112,48.11044,2,2,0,0,CNP026,SERVICIOS FARMACEUTICOS ESPECIALIZADOS SA DE CV,CNP026,SERVICIOS FARMACEUTICOS ESPECIALIZADOS SA DE CV,CD,IZTAPALAPA,J,Ruta Local Seca antes de 13:00,Ruta Local,Cerrado,27/01/2023 04:34 AM,Cerrado,27/01/2023 04:34 AM,27/01/2023,28/01/2023 05:00 AM,122635
11,MundiPharma,16004360,,ESTANDAR,27/01/2023,27/01/2023,1834005,27/01/2023 02:07 PM,27/01/2023 02:08 PM,2,"1,050",7,0.1964,40.968,7,0,0,0,CNP026,SERVICIOS FARMACEUTICOS ESPECIALIZADOS SA DE CV,CNP026,SERVICIOS FARMACEUTICOS ESPECIALIZADOS SA DE CV,CD,IZTAPALAPA,J,Ruta Local Seca antes de 13:00,Ruta Local,Cerrado,30/01/2023 04:08 AM,Cerrado,30/01/2023 04:08 AM,30/01/2023,30/01/2023 05:00 AM,122730
12,MundiPharma,16004351,,ESTANDAR,27/01/2023,30/01/2023,1834672,30/01/2023 09:43 AM,30/01/2023 09:45 AM,1,190,2,0.03768,7.818,2,0,0,0,EDM0601,NADRO CEDIS,EDM0601,NADRO CEDIS,EM,Cuautitlan Izcalli,F,Personalizado Seco,Ruta Local,Cerrado,31/01/2023 03:53 AM,Cerrado,31/01/2023 03:53 AM,31/01/2023,31/01/2023 12:00 AM,122825
13,Mundipharma,16004354,,ESTANDAR,27/01/2023,27/01/2023,1834015,27/01/2023 02:18 PM,27/01/2023 02:21 PM,1,50,1,0.02149,6.3,1,0,0,0,ALGIAJAL,CLINICA PARA SOPORTE DEL PACIENTE,ALGIAJAL,CLINICA PARA SOPORTE DEL PACIENTE,JA,JALISCO,F,Personalizado Seco,Medistik Gdl,Cerrado,27/01/2023 06:51 PM,Cerrado,27/01/2023 06:51 PM,28/01/2023,27/01/2023 12:00 AM,122713
14,MundiPharma,16004362,,ESTANDAR,31/01/2023,31/01/2023,1836975,31/01/2023 02:29 PM,31/01/2023 02:30 PM,1,130,1,0.04247,8.49303,1,0,0,0,EDM0601,NADRO CEDIS,EDM0601,NADRO CEDIS,EM,Cuautitlan Izcalli,F,Personalizado Seco,Ruta Local,Cerrado,07/02/2023 04:32 AM,Cerrado,07/02/2023 04:32 AM,07/02/2023,07/02/2023 12:00 AM,123161
15,MundiPharma,ARJ-COSO,,EMERGENCIA,01/02/2023,01/02/2023,1838676,01/02/2023 07:59 PM,01/02/2023 08:00 PM,1,44,1,0.04247,8.49303,1,0,0,0,LABARJ,LABORATORIOS ARJ,LABARJ,LABORATORIOS ARJ,DF,Iztacalco,F,Personalizado Seco,Ruta Local,Cerrado,02/02/2023 05:11 AM,Cerrado,02/02/2023 05:11 AM,02/02/2023,02/02/2023 03:00 AM,122949
16,MundiPharma,ARJ-TRUS,,EMERGENCIA,01/02/2023,01/02/2023,1838676,01/02/2023 07:59 PM,01/02/2023 08:00 PM,1,38,1,0.04247,8.49303,1,0,0,0,LABARJ,LABORATORIOS ARJ,LABARJ,LABORATORIOS ARJ,DF,Iztacalco,F,Personalizado Seco,Ruta Local,Cerrado,02/02/2023 05:11 AM,Cerrado,02/02/2023 05:11 AM,01/02/2023,02/02/2023 03:00 AM,122949
17,MundiPharma,REC-FANDE-23-003,Nota Sin Descargo,Recoleccion,07/02/2023,07/02/2023,1845842,07/02/2023 02:12 PM,07/02/2023 02:12 PM,1,3,3,0.1,0.1,3,0,0,0,DF00401,FARMACOS NACIONALES S.A. DE C.V.,DF00401,FARMACOS NACIONALES S.A. DE C.V.,DF,Iztapalapa,F,Personalizado Seco,,Cerrado,11/02/2023 03:36 AM,Cerrado,11/02/2023 03:36 AM,11/02/2023,11/02/2023 05:30 AM,123557
18,MundiPharma,REC-DE-23-004,Nota Sin Descargo,Recoleccion,08/02/2023,08/02/2023,1854191,08/02/2023 12:05 PM,08/02/2023 12:05 PM,1,1,1,0.1,0.1,1,0,0,0,CNP048LERM,Almacen de RALCA SA DE CV,CNP048LERM,Almacen de RALCA SA DE CV,EM,Lerma,F,Personalizado Seco,Ruta Local,Cerrado,09/02/2023 11:45 AM,Cerrado,09/02/2023 11:45 AM,09/02/2023,09/02/2023 07:30 AM,123375
19,MundiPharma,16004365,,ESTANDAR,10/02/2023,10/02/2023,1861271,10/02/2023 05:06 PM,10/02/2023 05:07 PM,2,170,1,0.07179,14.35896,1,0,0,0,CNP026,SERVICIOS FARMACEUTICOS ESPECIALIZADOS SA DE CV,CNP026,SERVICIOS FARMACEUTICOS ESPECIALIZADOS SA DE CV,CD,IZTAPALAPA,J,Ruta Local Seca antes de 13:00,Ruta Local,Cerrado,14/02/2023 07:26 AM,Cerrado,14/02/2023 07:26 AM,14/02/2023,14/02/2023 05:00 AM,123699
20,MundiPharma,16004366,,ESTANDAR,10/02/2023,10/02/2023,1861271,10/02/2023 05:06 PM,10/02/2023 05:07 PM,4,27,2,0.07604,15.20844,1,1,0,0,CNP026,SERVICIOS FARMACEUTICOS ESPECIALIZADOS SA DE CV,CNP026,SERVICIOS FARMACEUTICOS ESPECIALIZADOS SA DE CV,CD,IZTAPALAPA,J,Ruta Local Seca antes de 13:00,Ruta Local,Cerrado,14/02/2023 07:26 AM,Cerrado,14/02/2023 07:26 AM,14/02/2023,14/02/2023 05:00 AM,123699
21,MundiPharma,16004369,,ESTANDAR,10/02/2023,10/02/2023,1861271,10/02/2023 05:06 PM,10/02/2023 05:07 PM,4,28,2,0.07604,15.20844,1,1,0,0,CNP026,SERVICIOS FARMACEUTICOS ESPECIALIZADOS SA DE CV,CNP026,SERVICIOS FARMACEUTICOS ESPECIALIZADOS SA DE CV,CD,IZTAPALAPA,J,Ruta Local Seca antes de 13:00,Ruta Local,Cerrado,14/02/2023 07:26 AM,Cerrado,14/02/2023 07:26 AM,14/02/2023,14/02/2023 05:00 AM,123699
22,MundiPharma,DESTRU-20230222,DESTRUCCION,ESTANDAR,22/02/2023,23/02/2023,1877660,23/02/2023 03:08 PM,23/02/2023 03:10 PM,44,"5,426",1,13.824,311.893,1,0,0,0,MDTKCOE,MEDISTIK COECILLO,MDTKCOE,MEDISTIK COECILLO,EM,TOLUCA,N,Cliente Recoge,Ruta Local,Cerrado,23/02/2023 04:01 PM,Cerrado,23/02/2023 04:01 PM,23/02/2023,23/02/2023 12:00 PM,124361
23,MundiPharma,16004371,,ESTANDAR,23/02/2023,24/02/2023,1878873,24/02/2023 01:08 PM,24/02/2023 01:10 PM,3,"4,760",30,0.9815,204.17531,29,1,0,0,EDM0601,NADRO CEDIS,EDM0601,NADRO CEDIS,EM,Cuautitlan Izcalli,F,Personalizado Seco,Ruta Local,Cerrado,28/02/2023 03:12 AM,Cerrado,28/02/2023 03:12 AM,28/02/2023,28/02/2023 02:54 AM,124658
24,MundiPharma,16004372,,ESTANDAR,23/02/2023,24/02/2023,1878873,24/02/2023 01:08 PM,24/02/2023 01:10 PM,2,180,4,0.16364,36.72838,1,3,0,0,DKFMERID,DISTRIBUIDORA DEKAFARMA,DKFMERID,DISTRIBUIDORA DEKAFARMA,YU,Merida,C,Distribuidor Foraneo,Int. Merida,Cerrado,28/02/2023 07:25 PM,Cerrado,28/02/2023 07:25 PM,28/02/2023,24/02/2023 05:30 PM,124732
25,MundiPharma,16004373,,ESTANDAR,23/02/2023,24/02/2023,1878873,24/02/2023 01:08 PM,24/02/2023 01:10 PM,1,248,2,0.04973,10.22698,2,0,0,0,MEX00901,RAMA FARMACEUTICA S.A. DE C.V.,MEX00901,RAMA FARMACEUTICA S.A. DE C.V.,EM,Cuautitlan Izcalli,F,Personalizado Seco,Ruta Local,Cerrado,27/02/2023 06:36 AM,Cerrado,27/02/2023 06:36 AM,27/02/2023,17/02/2023 02:00 AM,124572
26,MundiPharma,16004378,,ESTANDAR,23/02/2023,24/02/2023,1878873,24/02/2023 01:08 PM,24/02/2023 01:10 PM,1,300,2,0.02823,9.928,2,0,0,0,CNP031,ALMACEN DE DROGAS SA DE CV,CNP031,ALMACEN DE DROGAS SA DE CV,NL,Monterrey,E,Distribuidor con Cita Foraneo,Medistik Mty,Cerrado,27/02/2023 11:25 PM,Cerrado,27/02/2023 11:25 PM,28/02/2023,27/02/2023 08:00 PM,124638
27,MundiPharma,16004374,,ESTANDAR,23/02/2023,24/02/2023,1878873,24/02/2023 01:08 PM,24/02/2023 01:10 PM,2,434,3,0.08347,17.256,3,0,0,0,DF00401,FARMACOS NACIONALES S.A. DE C.V.,DF00401,FARMACOS NACIONALES S.A. DE C.V.,DF,Iztapalapa,F,Personalizado Seco,Ruta Local,Cerrado,25/02/2023 04:26 AM,Cerrado,25/02/2023 04:26 AM,25/02/2023,25/02/2023 11:00 PM,124504
28,MundiPharma,16004375,,ESTANDAR,23/02/2023,24/02/2023,1878873,24/02/2023 01:08 PM,24/02/2023 01:10 PM,2,"1,475",10,0.26355,55.242,10,0,0,0,DF00401,FARMACOS NACIONALES S.A. DE C.V.,DF00401,FARMACOS NACIONALES S.A. DE C.V.,DF,Iztapalapa,F,Personalizado Seco,Ruta Local,Cerrado,25/02/2023 04:26 AM,Cerrado,25/02/2023 04:26 AM,25/02/2023,25/02/2023 02:54 AM,124504
29,MundiPharma,16004376,,ESTANDAR,23/02/2023,24/02/2023,1878873,24/02/2023 01:08 PM,24/02/2023 01:10 PM,1,4,1,0.0063,1.25911,1,0,0,0,DF00401,FARMACOS NACIONALES S.A. DE C.V.,DF00401,FARMACOS NACIONALES S.A. DE C.V.,DF,Iztapalapa,F,Personalizado Seco,Ruta Local,Cerrado,25/02/2023 04:26 AM,Cerrado,25/02/2023 04:26 AM,25/02/2023,25/02/2023 02:30 AM,124504
30,MundiPharma,16004377,,ESTANDAR,23/02/2023,24/02/2023,1878873,24/02/2023 01:08 PM,24/02/2023 01:10 PM,1,13,1,0.0063,1.66,1,0,0,0,DF00401,FARMACOS NACIONALES S.A. DE C.V.,DF00401,FARMACOS NACIONALES S.A. DE C.V.,DF,Iztapalapa,F,Personalizado Seco,Ruta Local,Cerrado,25/02/2023 04:26 AM,Cerrado,25/02/2023 04:26 AM,25/02/2023,25/02/2023 02:00 AM,124504
31,MundiPharma,16004379,,ESTANDAR,23/02/2023,24/02/2023,1878873,24/02/2023 01:08 PM,24/02/2023 01:10 PM,2,50,1,0.02149,4.29898,1,0,0,0,CNP031,ALMACEN DE DROGAS SA DE CV,CNP031,ALMACEN DE DROGAS SA DE CV,NL,Monterrey,E,Distribuidor con Cita Foraneo,Medistik Mty,Cerrado,27/02/2023 11:25 PM,Cerrado,27/02/2023 11:25 PM,28/02/2023,27/02/2023 08:00 PM,124638
32,MundiPharma,16004382,,ESTANDAR,27/02/2023,27/02/2023,1880162,27/02/2023 01:26 PM,27/02/2023 01:28 PM,3,9,2,0.06608,13.21536,1,1,0,0,CNP021NL,FARMACIA GUADALAJARA S.A. DE C.V. CEDIS MONTERREY,CNP021NL,FARMACIA GUADALAJARA S.A. DE C.V. CEDIS MONTERREY,NL,Garcia,C,Distribuidor Foraneo,Mensajeria/Porteo,Cerrado,27/02/2023 11:25 PM,Cerrado,27/02/2023 11:25 PM,01/03/2023,28/02/2023 08:00 PM,124638
33,MundiPharma,16004383,,ESTANDAR,27/02/2023,27/02/2023,1880162,27/02/2023 01:26 PM,27/02/2023 01:28 PM,2,7,1,0.02149,4.29898,1,0,0,0,CNP021HI,FARMACIA GUADALAJARA S.A. DE C.V.,CNP021HI,FARMACIA GUADALAJARA S.A. DE C.V.,HI,Hidalgo,f,Personalizado Seco,Mensajeria/Porteo,Cerrado,02/03/2023 06:04 AM,Cerrado,02/03/2023 06:04 AM,02/03/2023,01/03/2023 12:30 AM,124841
34,MundiPharma,16004384,,ESTANDAR,27/02/2023,27/02/2023,1880162,27/02/2023 01:26 PM,27/02/2023 01:28 PM,1,3,1,0.02149,4.29898,1,0,0,0,CNP021JA,FARMACIA GUADALAJARA S.A. DE C.V.,CNP021JA,FARMACIA GUADALAJARA S.A. DE C.V.,JA,Tonala,C,Distribuidor Foraneo,Medistik Gdl,Cerrado,01/03/2023 08:00 PM,Cerrado,01/03/2023 08:00 PM,02/03/2023,01/03/2023 09:00 PM,124807
35,MundiPharma,16004385,,ESTANDAR,27/02/2023,27/02/2023,1880162,27/02/2023 01:26 PM,27/02/2023 01:28 PM,1,3,1,0.05455,10.90946,0,1,0,0,MPJAL0223,Distribucion Especializada de Medicamentos S.A.,MPJAL0223,Distribucion Especializada de Medicamentos S.A.,JAL,Jalisco,C,Distribuidor Foraneo,Medistik Gdl,Cerrado,02/03/2023 10:54 PM,Cerrado,02/03/2023 10:54 PM,03/03/2023,02/03/2023 09:00 PM,124888
36,MundiPharma,16004386,,ESTANDAR,27/02/2023,27/02/2023,1880162,27/02/2023 01:26 PM,27/02/2023 01:28 PM,3,180,4,0.25232,50.46496,1,3,0,0,CNP026,SERVICIOS FARMACEUTICOS ESPECIALIZADOS SA DE CV,CNP026,SERVICIOS FARMACEUTICOS ESPECIALIZADOS SA DE CV,CD,IZTAPALAPA,J,Ruta Local Seca antes de 13:00,Ruta Local,Cerrado,02/03/2023 04:58 AM,Cerrado,02/03/2023 04:58 AM,02/03/2023,02/03/2023 05:00 AM,124827
37,MundiPharma,16004387,,ESTANDAR,28/02/2023,28/02/2023,1882088,28/02/2023 04:37 PM,28/02/2023 04:39 PM,2,764,5,0.0847,25.084,5,0,0,0,MEX00901,RAMA FARMACEUTICA S.A. DE C.V.,MEX00901,RAMA FARMACEUTICA S.A. DE C.V.,EM,Cuautitlan Izcalli,F,Personalizado Seco,Ruta Local,Cerrado,07/03/2023 04:30 AM,Cerrado,07/03/2023 04:30 AM,07/03/2023,07/03/2023 01:00 AM,125152
38,MundiPharma,16004388,,ESTANDAR,28/02/2023,28/02/2023,1882088,28/02/2023 04:37 PM,28/02/2023 04:39 PM,3,"1,570",11,0.33014,68.56044,10,1,0,0,EDM0601,NADRO CEDIS,EDM0601,NADRO CEDIS,EM,Cuautitlan Izcalli,F,Personalizado Seco,Ruta Local,Cerrado,07/03/2023 03:10 AM,Cerrado,07/03/2023 03:10 AM,07/03/2023,07/03/2023 02:54 AM,125151
39,MundiPharma,16004390,,ESTANDAR,06/03/2023,06/03/2023,1889167,06/03/2023 10:36 AM,06/03/2023 10:38 AM,1,198,2,0.03976,8.2339,2,0,0,0,MEX00901,RAMA FARMACEUTICA S.A. DE C.V.,MEX00901,RAMA FARMACEUTICA S.A. DE C.V.,EM,Cuautitlan Izcalli,F,Personalizado Seco,Ruta Local,Cerrado,07/03/2023 04:29 AM,Cerrado,07/03/2023 04:29 AM,07/03/2023,07/03/2023 01:00 AM,125152
40,MundiPharma,16004391,,ESTANDAR,06/03/2023,06/03/2023,1889167,06/03/2023 10:36 AM,06/03/2023 10:38 AM,2,236,1,0.04247,8.518,1,0,0,0,CNP026,SERVICIOS FARMACEUTICOS ESPECIALIZADOS SA DE CV,CNP026,SERVICIOS FARMACEUTICOS ESPECIALIZADOS SA DE CV,CD,IZTAPALAPA,J,Ruta Local Seca antes de 13:00,Ruta Local,Cerrado,07/03/2023 07:39 AM,Cerrado,07/03/2023 07:39 AM,07/03/2023,07/03/2023 05:00 AM,125178
41,MundiPharma,16004396,,ESTANDAR,08/03/2023,08/03/2023,1892877,08/03/2023 02:19 PM,08/03/2023 02:20 PM,1,5,1,0.05455,10.90946,0,1,0,0,MPJAL0223,Distribucion Especializada de Medicamentos S.A.,MPJAL0223,Distribucion Especializada de Medicamentos S.A.,JAL,Jalisco,C,Distribuidor Foraneo,Medistik Gdl,Cerrado,08/03/2023 10:48 PM,Cerrado,08/03/2023 10:48 PM,10/03/2023,09/03/2023 09:00 PM,125343
42,MundiPharma,RECOL-DE-23-005,Nota Sin Descargo,Recoleccion,10/03/2023,10/03/2023,1896812,10/03/2023 02:49 PM,10/03/2023 02:50 PM,1,1,1,0.1,0.1,1,0,0,0,DF00401,FARMACOS NACIONALES S.A. DE C.V.,DF00401,FARMACOS NACIONALES S.A. DE C.V.,DF,Iztapalapa,F,Personalizado Seco,Ruta Local,Cerrado,11/03/2023 04:10 AM,Cerrado,11/03/2023 04:10 AM,13/03/2023,11/03/2023 02:30 AM,125551
43,MundiPharma,16004394,,ESTANDAR,10/03/2023,10/03/2023,1897283,10/03/2023 07:35 PM,10/03/2023 07:37 PM,2,379,3,0.07796,16.15498,3,0,0,0,DF00401,FARMACOS NACIONALES S.A. DE C.V.,DF00401,FARMACOS NACIONALES S.A. DE C.V.,DF,Iztapalapa,F,Personalizado Seco,Ruta Local,Cerrado,11/03/2023 04:10 AM,Cerrado,11/03/2023 04:10 AM,14/03/2023,11/03/2023 11:00 PM,125551
44,MundiPharma,16004395,,ESTANDAR,10/03/2023,10/03/2023,1897283,10/03/2023 07:35 PM,10/03/2023 07:37 PM,2,338,3,0.06276,13.11511,3,0,0,0,DF00401,FARMACOS NACIONALES S.A. DE C.V.,DF00401,FARMACOS NACIONALES S.A. DE C.V.,DF,Iztapalapa,F,Personalizado Seco,Ruta Local,Cerrado,11/03/2023 04:10 AM,Cerrado,11/03/2023 04:10 AM,11/03/2023,11/03/2023 11:00 PM,125551
45,MundiPharma,16004393,,ESTANDAR,13/03/2023,13/03/2023,1898362,13/03/2023 02:22 PM,13/03/2023 02:23 PM,4,"2,230",15,0.46405,96.46649,14,1,0,0,EDM0601,NADRO CEDIS,EDM0601,NADRO CEDIS,EM,Cuautitlan Izcalli,F,Personalizado Seco,Ruta Local,Cerrado,14/03/2023 04:45 PM,Cerrado,14/03/2023 04:45 PM,14/03/2023,14/03/2023 02:54 AM,125626
46,MundiPharma,16004400,,ESTANDAR,14/03/2023,14/03/2023,1899721,14/03/2023 11:39 AM,14/03/2023 11:40 AM,4,"2,110",14,0.45821,95.01769,13,1,0,0,EDM0601,NADRO CEDIS,EDM0601,NADRO CEDIS,EM,Cuautitlan Izcalli,F,Personalizado Seco,Ruta Local,Cerrado,21/03/2023 03:38 AM,Cerrado,21/03/2023 03:38 AM,21/03/2023,21/03/2023 02:54 AM,126011
47,MundiPharma,16004397,,ESTANDAR,14/03/2023,14/03/2023,1899721,14/03/2023 11:39 AM,14/03/2023 11:40 AM,2,700,4,0.1565,32.14296,4,0,0,0,MEX00901,RAMA FARMACEUTICA S.A. DE C.V.,MEX00901,RAMA FARMACEUTICA S.A. DE C.V.,EM,Cuautitlan Izcalli,F,Personalizado Seco,Ruta Local,Cerrado,18/03/2023 06:02 AM,Cerrado,18/03/2023 06:02 AM,18/03/2023,18/03/2023 10:00 PM,125996
48,MundiPharma,16004398,,ESTANDAR,14/03/2023,14/03/2023,1899721,14/03/2023 11:39 AM,14/03/2023 11:40 AM,1,3,1,0.05455,10.90946,0,1,0,0,CNP021NL,FARMACIA GUADALAJARA S.A. DE C.V. CEDIS MONTERREY,CNP021NL,FARMACIA GUADALAJARA S.A. DE C.V. CEDIS MONTERREY,NL,Garcia,C,Distribuidor Foraneo,Mensajeria/Porteo,Cerrado,14/03/2023 09:38 PM,Cerrado,14/03/2023 09:38 PM,15/03/2023,14/03/2023 08:00 PM,125709
49,MundiPharma,16004399,,ESTANDAR,14/03/2023,14/03/2023,1899721,14/03/2023 11:39 AM,14/03/2023 11:40 AM,2,6,1,0.02149,4.29898,1,0,0,0,CNP021HI,FARMACIA GUADALAJARA S.A. DE C.V.,CNP021HI,FARMACIA GUADALAJARA S.A. DE C.V.,HI,Hidalgo,f,Personalizado Seco,Mensajeria/Porteo,Cerrado,16/03/2023 04:56 AM,Cerrado,16/03/2023 04:56 AM,16/03/2023,15/03/2023 04:30 AM,125823
50,MundiPharma,16004401,,ESTANDAR,17/03/2023,17/03/2023,1905043,17/03/2023 11:54 AM,17/03/2023 11:55 AM,1,42,1,0.02149,4.29898,1,0,0,0,DF00401,FARMACOS NACIONALES S.A. DE C.V.,DF00401,FARMACOS NACIONALES S.A. DE C.V.,DF,Iztapalapa,F,Personalizado Seco,Ruta Local,Cerrado,18/03/2023 04:35 AM,Cerrado,18/03/2023 04:35 AM,18/03/2023,18/03/2023 02:00 AM,125991
51,MundiPharma,16004402,,ESTANDAR,17/03/2023,17/03/2023,1905043,17/03/2023 11:54 AM,17/03/2023 11:55 AM,2,346,2,0.0707,14.42103,2,0,0,0,DF00401,FARMACOS NACIONALES S.A. DE C.V.,DF00401,FARMACOS NACIONALES S.A. DE C.V.,DF,Iztapalapa,F,Personalizado Seco,Ruta Local,Cerrado,18/03/2023 04:35 AM,Cerrado,18/03/2023 04:35 AM,18/03/2023,18/03/2023 11:00 PM,125991
52,Mundipharma,RECOL-DE-23-006,Nota Sin Descargo,Recoleccion,21/03/2023,21/03/2023,1909135,21/03/2023 01:15 PM,21/03/2023 01:15 PM,1,1,1,0.1,0.1,1,0,0,0,CNP026,SERVICIOS FARMACEUTICOS ESPECIALIZADOS SA DE CV,CNP026,SERVICIOS FARMACEUTICOS ESPECIALIZADOS SA DE CV,CD,IZTAPALAPA,J,Ruta Local Seca antes de 13:00,Ruta Local,Cerrado,22/03/2023 07:36 AM,Cerrado,22/03/2023 07:36 AM,22/03/2023,22/03/2023 05:00 AM,126182
53,MundiPharma,16004403,,ESTANDAR,21/03/2023,21/03/2023,1909262,21/03/2023 01:31 PM,21/03/2023 01:33 PM,3,142,4,0.24236,48.47188,1,3,0,0,CNP026,SERVICIOS FARMACEUTICOS ESPECIALIZADOS SA DE CV,CNP026,SERVICIOS FARMACEUTICOS ESPECIALIZADOS SA DE CV,CD,IZTAPALAPA,J,Ruta Local Seca antes de 13:00,Ruta Local,Cerrado,22/03/2023 07:36 AM,Cerrado,22/03/2023 07:36 AM,22/03/2023,23/03/2023 05:00 AM,126182
54,MundiPharma,16004404,,EMERGENCIA,21/03/2023,21/03/2023,1909262,21/03/2023 01:31 PM,21/03/2023 01:33 PM,3,397,4,0.13101,26.76375,3,1,0,0,CNP021NL,FARMACIA GUADALAJARA S.A. DE C.V. CEDIS MONTERREY,CNP021NL,FARMACIA GUADALAJARA S.A. DE C.V. CEDIS MONTERREY,NL,Garcia,C,Distribuidor Foraneo,Mensajeria/Porteo,Cerrado,21/03/2023 09:55 PM,Cerrado,21/03/2023 09:55 PM,22/03/2023,21/03/2023 08:00 PM,126140
55,MundiPharma,16004405,,ESTANDAR,21/03/2023,22/03/2023,1911126,22/03/2023 12:27 PM,22/03/2023 12:39 PM,2,873,6,0.17316,36.03901,6,0,0,0,CNP021HI,FARMACIA GUADALAJARA S.A. DE C.V.,CNP021HI,FARMACIA GUADALAJARA S.A. DE C.V.,HI,Hidalgo,f,Personalizado Seco,Mensajeria/Porteo,Cerrado,23/03/2023 05:59 AM,Cerrado,23/03/2023 05:59 AM,23/03/2023,22/03/2023 12:00 AM,126240
56,MundiPharma,16004406,,ESTANDAR,21/03/2023,21/03/2023,1909262,21/03/2023 01:31 PM,21/03/2023 01:33 PM,4,384,6,0.31822,63.9248,2,4,0,0,CNP021JA,FARMACIA GUADALAJARA S.A. DE C.V.,CNP021JA,FARMACIA GUADALAJARA S.A. DE C.V.,JA,Tonala,C,Distribuidor Foraneo,Medistik Gdl,Cerrado,21/03/2023 10:43 PM,Cerrado,21/03/2023 10:43 PM,23/03/2023,22/03/2023 09:00 PM,126141
57,MundiPharma,COM-16004403,,ESTANDAR,23/03/2023,23/03/2023,1913787,23/03/2023 11:33 AM,23/03/2023 11:34 AM,1,10,1,0.01153,2.3059,1,0,0,0,CNP026,SERVICIOS FARMACEUTICOS ESPECIALIZADOS SA DE CV,CNP026,SERVICIOS FARMACEUTICOS ESPECIALIZADOS SA DE CV,CD,IZTAPALAPA,J,Ruta Local Seca antes de 13:00,Ruta Local,Cerrado,24/03/2023 07:16 AM,Cerrado,24/03/2023 07:16 AM,24/03/2023,24/03/2023 05:00 AM,126398
58,Mundipharma,RECOL-DE-23-007,Nota Sin Descargo,Recoleccion,23/03/2023,23/03/2023,1914783,23/03/2023 12:52 PM,23/03/2023 12:52 PM,1,1,1,0.1,0.1,1,0,0,0,CNP026,SERVICIOS FARMACEUTICOS ESPECIALIZADOS SA DE CV,CNP026,SERVICIOS FARMACEUTICOS ESPECIALIZADOS SA DE CV,CD,IZTAPALAPA,J,Ruta Local Seca antes de 13:00,Ruta Local,Cerrado,24/03/2023 07:16 AM,Cerrado,24/03/2023 07:16 AM,24/03/2023,24/03/2023 05:00 AM,126398
59,MundiPharma,16004408,,ESTANDAR,24/03/2023,24/03/2023,1929421,24/03/2023 01:28 PM,24/03/2023 01:29 PM,1,89,1,0.04247,8.49303,1,0,0,0,DF00401,FARMACOS NACIONALES S.A. DE C.V.,DF00401,FARMACOS NACIONALES S.A. DE C.V.,DF,Iztapalapa,F,Personalizado Seco,Ruta Local,Cerrado,25/03/2023 04:43 AM,Cerrado,25/03/2023 04:43 AM,25/03/2023,25/03/2023 02:00 AM,126430
60,MundiPharma,16004409,,ESTANDAR,24/03/2023,24/03/2023,1929421,24/03/2023 01:28 PM,24/03/2023 01:29 PM,2,352,2,0.10003,20.28696,2,0,0,0,DF00401,FARMACOS NACIONALES S.A. DE C.V.,DF00401,FARMACOS NACIONALES S.A. DE C.V.,DF,Iztapalapa,F,Personalizado Seco,Ruta Local,Cerrado,25/03/2023 04:43 AM,Cerrado,25/03/2023 04:43 AM,25/03/2023,25/03/2023 11:00 PM,126430
61,MundiPharma,16004407,,ESTANDAR,24/03/2023,24/03/2023,1929421,24/03/2023 01:28 PM,24/03/2023 01:29 PM,1,30,1,0.07694,15.38866,0,1,0,0,EDM0601,NADRO CEDIS,EDM0601,NADRO CEDIS,EM,Cuautitlan Izcalli,F,Personalizado Seco,Ruta Local,Cerrado,29/03/2023 03:56 AM,Cerrado,29/03/2023 03:56 AM,29/03/2023,29/03/2023 03:00 AM,126638
62,MundiPharma,SAL-EQ-SAFLU,,ESTANDAR,30/03/2023,31/03/2023,1959779,31/03/2023 11:23 AM,31/03/2023 11:24 AM,9,16,14,2.59453,543.75152,14,0,0,0,CLIENTERECOGEMP,CLIENTE RECOGE MUNDIPHARMA,MDTKCOE,MEDISTIK COECILLO,EM,TOLUCA,N,Cliente Recoge,Ruta Local,Cerrado,03/04/2023 09:45 AM,Cerrado,03/04/2023 09:45 AM,03/04/2023,03/04/2023 08:00 AM,126972
63,MundiPharma,16004430,,ESTANDAR,31/03/2023,31/03/2023,1959656,31/03/2023 10:09 AM,31/03/2023 10:10 AM,1,29,1,0.02149,4.29898,1,0,0,0,DF00401,FARMACOS NACIONALES S.A. DE C.V.,DF00401,FARMACOS NACIONALES S.A. DE C.V.,DF,Iztapalapa,F,Personalizado Seco,Ruta Local,Cerrado,01/04/2023 03:36 AM,Cerrado,01/04/2023 03:36 AM,01/04/2023,01/04/2023 02:00 AM,126899
64,MundiPharma,16004429,,ESTANDAR,31/03/2023,31/03/2023,1959656,31/03/2023 10:09 AM,31/03/2023 10:10 AM,3,570,5,0.17124,35.09247,4,1,0,0,EDM0601,NADRO CEDIS,EDM0601,NADRO CEDIS,EM,Cuautitlan Izcalli,F,Personalizado Seco,Ruta Local,Cerrado,04/04/2023 03:26 AM,Cerrado,04/04/2023 03:26 AM,04/04/2023,04/04/2023 10:00 PM,127002
65,MundiPharma,16004434,,ESTANDAR,03/04/2023,03/04/2023,1968659,03/04/2023 11:13 AM,03/04/2023 11:15 AM,2,37,2,0.06608,13.21536,1,1,0,0,CNP021NL,FARMACIA GUADALAJARA S.A. DE C.V. CEDIS MONTERREY,CNP021NL,FARMACIA GUADALAJARA S.A. DE C.V. CEDIS MONTERREY,NL,Garcia,C,Distribuidor Foraneo,Mensajeria/Porteo,Cerrado,03/04/2023 09:06 PM,Cerrado,03/04/2023 09:06 PM,05/04/2023,04/04/2023 08:00 PM,126990
66,MundiPharma,16004435,,ESTANDAR,03/04/2023,03/04/2023,1968659,03/04/2023 11:13 AM,03/04/2023 11:15 AM,2,133,1,0.027,5.4,1,0,0,0,CNP021HI,FARMACIA GUADALAJARA S.A. DE C.V.,CNP021HI,FARMACIA GUADALAJARA S.A. DE C.V.,HI,Hidalgo,f,Personalizado Seco,Mensajeria/Porteo,Cerrado,05/04/2023 03:24 AM,Cerrado,05/04/2023 03:24 AM,05/04/2023,04/04/2023 02:00 AM,127105
67,MundiPharma,16004436,,ESTANDAR,03/04/2023,03/04/2023,1968659,03/04/2023 11:13 AM,03/04/2023 11:15 AM,3,92,4,0.18363,36.72667,1,3,0,0,CNP021JA,FARMACIA GUADALAJARA S.A. DE C.V.,CNP021JA,FARMACIA GUADALAJARA S.A. DE C.V.,JA,Tonala,C,Distribuidor Foraneo,Medistik Gdl,Cerrado,03/04/2023 09:55 PM,Cerrado,03/04/2023 09:55 PM,05/04/2023,04/04/2023 09:00 PM,127001
68,MundiPharma,100932,,EMERGENCIA,05/04/2023,05/04/2023,1973159,05/04/2023 01:59 PM,05/04/2023 02:00 PM,1,12,1,0.05455,10.90946,0,1,0,0,CNP048LERM,Almacen de RALCA SA DE CV,CNP048LERM,Almacen de RALCA SA DE CV,EM,Lerma,F,Personalizado Seco,Ruta Local,Cerrado,06/04/2023 05:26 AM,Cerrado,06/04/2023 05:26 AM,06/04/2023,06/04/2023 06:30 AM,127154
69,MundiPharma,16004438,,EMERGENCIA,11/04/2023,11/04/2023,1978505,11/04/2023 12:31 PM,11/04/2023 12:32 PM,1,18,1,0.00945,1.89,1,0,0,0,CNP021NL,FARMACIA GUADALAJARA S.A. DE C.V. CEDIS MONTERREY,CNP021NL,FARMACIA GUADALAJARA S.A. DE C.V. CEDIS MONTERREY,NL,Garcia,C,Distribuidor Foraneo,Mensajeria/Porteo,Cerrado,11/04/2023 10:40 PM,Cerrado,11/04/2023 10:40 PM,12/04/2023,12/04/2023 08:25 AM,127432
70,MundiPharma,16004439,,ESTANDAR,11/04/2023,11/04/2023,1978505,11/04/2023 12:31 PM,11/04/2023 12:32 PM,1,82,1,0.032,6.39901,1,0,0,0,CNP021HI,FARMACIA GUADALAJARA S.A. DE C.V.,CNP021HI,FARMACIA GUADALAJARA S.A. DE C.V.,HI,Hidalgo,f,Personalizado Seco,Mensajeria/Porteo,Cerrado,13/04/2023 06:08 AM,Cerrado,13/04/2023 06:08 AM,13/04/2023,12/04/2023 04:00 AM,127516
71,MundiPharma,REEN-16004439,Nota Sin Descargo,Reenvio,13/04/2023,13/04/2023,1982504,13/04/2023 03:57 PM,13/04/2023 03:57 PM,1,1,1,0.1,0.1,1,0,0,0,CNP021HI,FARMACIA GUADALAJARA S.A. DE C.V.,CNP021HI,FARMACIA GUADALAJARA S.A. DE C.V.,HI,Hidalgo,F,Personalizado Seco,,Cerrado,20/04/2023 03:40 AM,Cerrado,20/04/2023 03:40 AM,20/04/2023,19/04/2023 02:30 AM,127997
72,MundiPharma,16004449,,EMERGENCIA,14/04/2023,14/04/2023,1984137,14/04/2023 03:30 PM,14/04/2023 03:32 PM,2,295,2,0.0707,14.42103,2,0,0,0,DF00401,FARMACOS NACIONALES S.A. DE C.V.,DF00401,FARMACOS NACIONALES S.A. DE C.V.,DF,Iztapalapa,F,Personalizado Seco,Ruta Local,Cerrado,15/04/2023 03:29 AM,Cerrado,15/04/2023 03:29 AM,15/04/2023,15/04/2023 11:00 PM,127735
73,MundiPharma,16004450,,EMERGENCIA,14/04/2023,14/04/2023,1984137,14/04/2023 03:30 PM,14/04/2023 03:32 PM,2,544,3,0.09893,20.34903,3,0,0,0,DF00401,FARMACOS NACIONALES S.A. DE C.V.,DF00401,FARMACOS NACIONALES S.A. DE C.V.,DF,Iztapalapa,F,Personalizado Seco,Ruta Local,Cerrado,15/04/2023 03:29 AM,Cerrado,15/04/2023 03:29 AM,15/04/2023,15/04/2023 10:00 PM,127735
74,MundiPharma,16004451,,EMERGENCIA,14/04/2023,14/04/2023,1984137,14/04/2023 03:30 PM,14/04/2023 03:32 PM,1,5,1,0.0063,1.25911,1,0,0,0,DF00401,FARMACOS NACIONALES S.A. DE C.V.,DF00401,FARMACOS NACIONALES S.A. DE C.V.,DF,Iztapalapa,F,Personalizado Seco,Ruta Local,Cerrado,15/04/2023 03:29 AM,Cerrado,15/04/2023 03:29 AM,15/04/2023,15/04/2023 02:30 AM,127735
75,MundiPharma,16004452,,EMERGENCIA,14/04/2023,14/04/2023,1984137,14/04/2023 03:30 PM,14/04/2023 03:32 PM,1,68,1,0.027,5.4,1,0,0,0,DF00401,FARMACOS NACIONALES S.A. DE C.V.,DF00401,FARMACOS NACIONALES S.A. DE C.V.,DF,Iztapalapa,F,Personalizado Seco,Ruta Local,Cerrado,15/04/2023 03:29 AM,Cerrado,15/04/2023 03:29 AM,15/04/2023,15/04/2023 02:00 AM,127735
76,MundiPharma,16004453,,EMERGENCIA,14/04/2023,14/04/2023,1984137,14/04/2023 03:30 PM,14/04/2023 03:32 PM,1,126,1,0.027,5.4,1,0,0,0,DF00401,FARMACOS NACIONALES S.A. DE C.V.,DF00401,FARMACOS NACIONALES S.A. DE C.V.,DF,Iztapalapa,F,Personalizado Seco,Ruta Local,Cerrado,15/04/2023 03:29 AM,Cerrado,15/04/2023 03:29 AM,15/04/2023,15/04/2023 12:00 AM,127735
77,MundiPharma,16004454,,EMERGENCIA,14/04/2023,14/04/2023,1984137,14/04/2023 03:30 PM,14/04/2023 03:32 PM,1,2,1,0.0063,1.25911,1,0,0,0,DF00401,FARMACOS NACIONALES S.A. DE C.V.,DF00401,FARMACOS NACIONALES S.A. DE C.V.,DF,Iztapalapa,F,Personalizado Seco,Ruta Local,Cerrado,15/04/2023 03:29 AM,Cerrado,15/04/2023 03:29 AM,15/04/2023,15/04/2023 02:30 AM,127735
78,Mundipharma,16004455,,ESTANDAR,17/04/2023,17/04/2023,1986909,17/04/2023 02:40 PM,17/04/2023 02:41 PM,3,210,3,0.22969,47.31,1,2,0,0,CNP026,SERVICIOS FARMACEUTICOS ESPECIALIZADOS SA DE CV,CNP026,SERVICIOS FARMACEUTICOS ESPECIALIZADOS SA DE CV,CD,IZTAPALAPA,J,Ruta Local Seca antes de 13:00,Ruta Local,Cerrado,19/04/2023 07:12 AM,Cerrado,19/04/2023 07:12 AM,19/04/2023,19/04/2023 05:00 AM,127944
79,MundiPharma,16004456,,ESTANDAR,17/04/2023,17/04/2023,1986909,17/04/2023 02:40 PM,17/04/2023 02:41 PM,3,155,4,0.27873,57.11844,1,3,0,0,CNP026,SERVICIOS FARMACEUTICOS ESPECIALIZADOS SA DE CV,CNP026,SERVICIOS FARMACEUTICOS ESPECIALIZADOS SA DE CV,CD,IZTAPALAPA,J,Ruta Local Seca antes de 13:00,Ruta Local,Cerrado,19/04/2023 07:12 AM,Cerrado,19/04/2023 07:12 AM,19/04/2023,19/04/2023 05:00 AM,127944
80,Mundipharma,RECOL-DE-23-009,Nota Sin Descargo,Recoleccion,17/04/2023,17/04/2023,1986963,17/04/2023 03:40 PM,17/04/2023 03:40 PM,1,1,1,0.1,0.1,1,0,0,0,CNP026,SERVICIOS FARMACEUTICOS ESPECIALIZADOS SA DE CV,CNP026,SERVICIOS FARMACEUTICOS ESPECIALIZADOS SA DE CV,CD,IZTAPALAPA,J,Ruta Local Seca antes de 13:00,Ruta Local,Cerrado,19/04/2023 07:12 AM,Cerrado,19/04/2023 07:12 AM,19/04/2023,19/04/2023 05:00 AM,127944
81,MundiPharma,16004458,,EMERGENCIA,18/04/2023,18/04/2023,1989166,18/04/2023 02:46 PM,18/04/2023 02:48 PM,1,2,1,0.05455,10.90946,0,1,0,0,CNP021NL,FARMACIA GUADALAJARA S.A. DE C.V. CEDIS MONTERREY,CNP021NL,FARMACIA GUADALAJARA S.A. DE C.V. CEDIS MONTERREY,NL,Garcia,C,Distribuidor Foraneo,Mensajeria/Porteo,Cerrado,18/04/2023 10:58 PM,Cerrado,18/04/2023 10:58 PM,20/04/2023,19/04/2023 08:00 PM,127894
82,MundiPharma,16004459,,EMERGENCIA,18/04/2023,18/04/2023,1989166,18/04/2023 02:46 PM,18/04/2023 02:48 PM,2,69,3,0.12062,24.12482,1,2,0,0,CNP021JA,FARMACIA GUADALAJARA S.A. DE C.V.,CNP021JA,FARMACIA GUADALAJARA S.A. DE C.V.,JA,Tonala,C,Distribuidor Foraneo,Medistik Gdl,Cerrado,18/04/2023 10:58 PM,Cerrado,18/04/2023 10:58 PM,18/04/2023,17/04/2023 09:00 PM,127896
83,MundiPharma,REEN-16004438,Nota Sin Descargo,Reenvio,18/04/2023,18/04/2023,1989375,18/04/2023 03:40 PM,18/04/2023 03:40 PM,1,1,1,0.1,0.1,1,0,0,0,CNP021NL,FARMACIA GUADALAJARA S.A. DE C.V. CEDIS MONTERREY,CNP021NL,FARMACIA GUADALAJARA S.A. DE C.V. CEDIS MONTERREY,NL,Garcia,C,Distribuidor Foraneo,,Cerrado,19/04/2023 01:32 PM,Cerrado,19/04/2023 01:32 PM,21/04/2023,20/04/2023 08:00 PM,127969
84,MundiPharma,16004463,,ESTANDAR,19/04/2023,19/04/2023,1991277,19/04/2023 01:25 PM,19/04/2023 01:26 PM,3,70,2,0.07604,15.20844,1,1,0,0,DKFMERID,DISTRIBUIDORA DEKAFARMA,DKFMERID,DISTRIBUIDORA DEKAFARMA,YU,Merida,C,Distribuidor Foraneo,Int. Merida,Cerrado,19/04/2023 10:02 PM,Cerrado,19/04/2023 10:02 PM,21/04/2023,19/04/2023 05:30 PM,128032
85,MundiPharma,16004464,,ESTANDAR,19/04/2023,19/04/2023,1991277,19/04/2023 01:25 PM,19/04/2023 01:26 PM,1,80,1,0.02149,9.9,1,0,0,0,ALGIAJAL,CLINICA PARA SOPORTE DEL PACIENTE,ALGIAJAL,CLINICA PARA SOPORTE DEL PACIENTE,JA,JALISCO,C,Distribuidor Foraneo,Medistik Gdl,Cerrado,19/04/2023 11:39 PM,Cerrado,19/04/2023 11:39 PM,21/04/2023,20/04/2023 09:00 PM,127994
86,MundiPharma,16004460,,ESTANDAR,21/04/2023,21/04/2023,1994628,21/04/2023 12:26 PM,21/04/2023 12:28 PM,2,130,1,0.027,5.4,1,0,0,0,DF00401,FARMACOS NACIONALES S.A. DE C.V.,DF00401,FARMACOS NACIONALES S.A. DE C.V.,DF,Iztapalapa,F,Personalizado Seco,Ruta Local,Cerrado,22/04/2023 03:21 AM,Cerrado,22/04/2023 03:21 AM,24/04/2023,22/04/2023 12:00 AM,128199
87,MundiPharma,16004461,,ESTANDAR,21/04/2023,21/04/2023,1994628,21/04/2023 12:26 PM,21/04/2023 12:28 PM,1,2,1,0.0063,1.25911,1,0,0,0,DF00401,FARMACOS NACIONALES S.A. DE C.V.,DF00401,FARMACOS NACIONALES S.A. DE C.V.,DF,Iztapalapa,F,Personalizado Seco,Ruta Local,Cerrado,22/04/2023 03:21 AM,Cerrado,22/04/2023 03:21 AM,22/04/2023,22/04/2023 02:30 AM,128199
88,MundiPharma,16004462,,ESTANDAR,21/04/2023,21/04/2023,1994628,21/04/2023 12:26 PM,21/04/2023 12:28 PM,1,10,1,0.0063,1.3,1,0,0,0,DF00401,FARMACOS NACIONALES S.A. DE C.V.,DF00401,FARMACOS NACIONALES S.A. DE C.V.,DF,Iztapalapa,F,Personalizado Seco,Ruta Local,Cerrado,22/04/2023 03:21 AM,Cerrado,22/04/2023 03:21 AM,22/04/2023,22/04/2023 02:30 AM,128199
89,Mundipharma,MREEN-16004455,,Reenvio,21/04/2023,21/04/2023,1994628,21/04/2023 12:26 PM,21/04/2023 12:28 PM,1,10,1,0.0063,1.3,1,0,0,0,CNP026,SERVICIOS FARMACEUTICOS ESPECIALIZADOS SA DE CV,CNP026,SERVICIOS FARMACEUTICOS ESPECIALIZADOS SA DE CV,CD,IZTAPALAPA,J,Ruta Local Seca antes de 13:00,Ruta Local,Cerrado,24/04/2023 05:07 AM,Cerrado,24/04/2023 05:07 AM,24/04/2023,24/04/2023 05:33 AM,128174
90,MundiPharma,16004457,,ESTANDAR,21/04/2023,21/04/2023,1994628,21/04/2023 12:26 PM,21/04/2023 12:28 PM,2,96,1,0.027,5.4,1,0,0,0,EDM0601,NADRO CEDIS,EDM0601,NADRO CEDIS,EM,Cuautitlan Izcalli,F,Personalizado Seco,Ruta Local,Cerrado,26/04/2023 04:11 AM,Cerrado,26/04/2023 04:11 AM,26/04/2023,26/04/2023 03:00 AM,128433
91,MundiPharma,RECOL-DE-23-010,Nota Sin Descargo,Recoleccion,21/04/2023,21/04/2023,1995095,21/04/2023 02:27 PM,21/04/2023 02:27 PM,1,3,3,0.1,0.1,3,0,0,0,DF00401,FARMACOS NACIONALES S.A. DE C.V.,DF00401,FARMACOS NACIONALES S.A. DE C.V.,DF,Iztapalapa,F,Personalizado Seco,Ruta Local,Cerrado,22/04/2023 03:22 AM,Cerrado,22/04/2023 03:22 AM,22/04/2023,22/04/2023 02:30 AM,128199
92,MundiPharma,16004465,,ESTANDAR,25/04/2023,25/04/2023,1998533,25/04/2023 01:01 PM,25/04/2023 01:02 PM,1,19,1,0.0063,1.25911,1,0,0,0,CNP021HI,FARMACIA GUADALAJARA S.A. DE C.V.,CNP021HI,FARMACIA GUADALAJARA S.A. DE C.V.,HI,Hidalgo,f,Personalizado Seco,Mensajeria/Porteo,Cerrado,27/04/2023 03:38 AM,Cerrado,27/04/2023 03:38 AM,27/04/2023,26/04/2023 04:00 AM,128516
93,MundiPharma,16004466,,ESTANDAR,25/04/2023,25/04/2023,1998533,25/04/2023 01:01 PM,25/04/2023 01:02 PM,1,23,1,0.0063,1.25911,1,0,0,0,CNP021JA,FARMACIA GUADALAJARA S.A. DE C.V.,CNP021JA,FARMACIA GUADALAJARA S.A. DE C.V.,JA,Tonala,C,Distribuidor Foraneo,Medistik Gdl,Cerrado,25/04/2023 11:46 PM,Cerrado,25/04/2023 11:46 PM,27/04/2023,26/04/2023 09:00 PM,128407
94,MundiPharma,16004468,,ESTANDAR,26/04/2023,26/04/2023,2000703,26/04/2023 01:45 PM,26/04/2023 01:46 PM,1,3,1,0.05455,10.90946,0,1,0,0,MPJAL0223,Distribucion Especializada de Medicamentos S.A.,MPJAL0223,Distribucion Especializada de Medicamentos S.A.,JAL,Jalisco,C,Distribuidor Foraneo,Medistik Gdl,Cerrado,27/04/2023 12:26 AM,Cerrado,27/04/2023 12:26 AM,28/04/2023,27/04/2023 09:00 PM,128494
95,MundiPharma,16004467,,ESTANDAR,27/04/2023,27/04/2023,2002366,27/04/2023 11:09 AM,27/04/2023 11:10 AM,3,113,2,0.09844,19.68764,1,1,0,0,EDM0601,NADRO CEDIS,EDM0601,NADRO CEDIS,EM,Cuautitlan Izcalli,F,Personalizado Seco,Ruta Local,Pendiente de surtido,27/04/2023 11:10 AM,Pendiente de surtido,27/04/2023 11:10 AM,02/05/2023,02/05/2023 12:00 AM,
96,MundiPharma,16004469,,ESTANDAR,27/04/2023,27/04/2023,2002366,27/04/2023 11:09 AM,27/04/2023 11:10 AM,2,23,1,0.0063,1.25911,1,0,0,0,DF00401,FARMACOS NACIONALES S.A. DE C.V.,DF00401,FARMACOS NACIONALES S.A. DE C.V.,DF,Iztapalapa,F,Personalizado Seco,Ruta Local,Pendiente de surtido,27/04/2023 11:10 AM,Pendiente de surtido,27/04/2023 11:10 AM,29/04/2023,29/04/2023 02:00 AM,
97,MundiPharma,16004470,,ESTANDAR,27/04/2023,27/04/2023,2002366,27/04/2023 11:09 AM,27/04/2023 11:10 AM,2,105,1,0.02149,4.29898,1,0,0,0,DF00401,FARMACOS NACIONALES S.A. DE C.V.,DF00401,FARMACOS NACIONALES S.A. DE C.V.,DF,Iztapalapa,F,Personalizado Seco,Ruta Local,Pendiente de surtido,27/04/2023 11:10 AM,Pendiente de surtido,27/04/2023 11:10 AM,29/04/2023,29/04/2023 12:00 AM,
98,MundiPharma,ARJ-TIMOP,,ESTANDAR,27/04/2023,27/04/2023,2002949,27/04/2023 05:30 PM,27/04/2023 05:31 PM,1,57,1,0.02149,4.29898,1,0,0,0,LABARJ,LABORATORIOS ARJ,LABARJ,LABORATORIOS ARJ,DF,Iztacalco,F,Personalizado Seco,Ruta Local,Cerrado,28/04/2023 05:19 AM,Cerrado,28/04/2023 05:19 AM,28/04/2023,28/04/2023 04:00 AM,128626

